episode_index,frames,adv_frac,adv_mean,adv_p75,adv_p90,adv_max,short_horizon_frac,length,source_dataset,source_episode_index,length_rank_pct,adv_frac_rank_pct,adv_p90_rank_pct,quality_score
57,5851,0.8757477354298411,0.0010856348912548594,0.01612743348737289,0.03764007599015762,0.2084067834999137,0.008545547769612033,5851,HIL_generalist_final_seal-water-bottle-cap_ZechengZhu_ICL,0,0.18686868686868688,0.9848484848484849,0.7323232323232324,0.8742424242424243
51,7051,0.7407459934761027,0.00027525435819143187,0.016543228038745417,0.038309048720794214,0.17531235129495193,0.0070911927386186355,7051,HIL_generalist_final_seal-water-bottle-cap_VLAlab-JP,24,0.3383838383838384,0.9595959595959596,0.7676767676767676,0.8169191919191919
167,4330,0.584757505773672,0.002225439630043206,0.013932522245841517,0.03549541183670093,0.20025478661914398,0.011547344110854504,4330,HIL_specialist_final_seal-water-bottle-cap_VLAlab-JP,26,0.03535353535353535,0.7575757575757576,0.6060606060606061,0.7997474747474748
38,6207,0.9942000966650556,0.0007276204369873261,0.011778566845851435,0.031790550657706765,0.3866874686193682,0.008055421298533913,6207,HIL_generalist_final_seal-water-bottle-cap_VLAlab-JP,7,0.25252525252525254,1.0,0.3434343434343434,0.7803030303030303
90,5149,0.5972033404544572,0.0013327569887303919,0.015503268548446192,0.03437398732562591,0.24900795319040347,0.009710623422023694,5149,HIL_specialist_final_seal-water-bottle-cap_Haruki_U-Tokyo,3,0.1111111111111111,0.7929292929292929,0.5404040404040404,0.7760101010101009
86,7817,0.6439810669054624,0.00022406170331388847,0.020722519465880884,0.04910478503366045,0.14766283319254447,0.006396315722144045,7817,HIL_generalist_final_seal-water-bottle-cap_ZechengZhu_ICL,30,0.4494949494949495,0.8535353535353535,0.9848484848484849,0.7737373737373738
176,9407,0.8496864037418943,-0.00037207734077431665,0.023755486914115442,0.05451546967883636,0.20139009118934204,0.005315190815350271,9407,HIL_specialist_final_seal-water-bottle-cap_zhangyu_Huazhong,7,0.6565656565656566,0.9747474747474747,0.9949494949494949,0.7578282828282827
15,8155,0.6860821581851625,0.00012062726795097149,0.015586849161582483,0.0406536123241954,0.22221741438766052,0.0061312078479460455,8155,HIL_generalist_final_seal-water-bottle-cap_PengfangQian_SII,9,0.48484848484848486,0.898989898989899,0.8383838383838383,0.7525252525252525
140,7336,0.6596237731733915,0.00032808955734442153,0.017076004156070246,0.037036727973418726,0.20751149565835525,0.006815703380588877,7336,HIL_specialist_final_seal-water-bottle-cap_PengfangQian_SII,27,0.37373737373737376,0.8686868686868687,0.696969696969697,0.7494949494949495
81,5885,0.5228547153780798,0.0009058431129902966,0.01790241510530044,0.04468350619931747,0.2770379184271865,0.008496176720475786,5885,HIL_generalist_final_seal-water-bottle-cap_ZechengZhu_ICL,25,0.1919191919191919,0.6060606060606061,0.9343434343434344,0.7424242424242424
111,9396,0.7542571306939123,-0.0002754711901789988,0.01748304427524139,0.04087193668742706,0.18216270194311668,0.005321413367390379,9396,HIL_specialist_final_seal-water-bottle-cap_Haruki_U-Tokyo,25,0.6515151515151515,0.9646464646464646,0.8535353535353535,0.7267676767676767
32,8161,0.6535963729935057,2.229778909359937e-05,0.01622542352338363,0.03809856236835052,0.19190762550492813,0.006126700159294204,8161,HIL_generalist_final_seal-water-bottle-cap_VLAlab-JP,1,0.4898989898989899,0.8636363636363636,0.7626262626262627,0.7196969696969697
115,7604,0.5551025775907417,0.0001955608522952341,0.019551774346428408,0.04751532734294463,0.411470901147992,0.006575486586007364,7604,HIL_specialist_final_seal-water-bottle-cap_PengfangQian_SII,0,0.398989898989899,0.6767676767676768,0.9797979797979798,0.710858585858586
42,8647,0.6611541575112756,-1.7126644790500474e-05,0.01724393651743461,0.03985109687705567,0.17793842763562728,0.005782352260899734,8647,HIL_generalist_final_seal-water-bottle-cap_VLAlab-JP,11,0.5707070707070707,0.8737373737373737,0.8131313131313131,0.706060606060606
82,2247,0.42456608811748997,0.006788946596548373,0.019196342536407007,0.05170671553273728,0.27099509895701934,0.022251891410769914,2247,HIL_generalist_final_seal-water-bottle-cap_ZechengZhu_ICL,26,0.005050505050505051,0.3333333333333333,0.98989898989899,0.6962121212121213
155,5800,0.5355172413793103,0.0007464166600634091,0.014411603891449465,0.03517510876913597,0.20967414588590194,0.008620689655172414,5800,HIL_specialist_final_seal-water-bottle-cap_VLAlab-JP,14,0.17676767676767677,0.6212121212121212,0.5858585858585859,0.6848484848484848
151,9210,0.6409337676438653,-0.00016119807716863873,0.015772785850959314,0.04192680329938461,0.23214349881668617,0.0054288816503800215,9210,HIL_specialist_final_seal-water-bottle-cap_VLAlab-JP,9,0.6313131313131313,0.8434343434343434,0.8737373737373737,0.6833333333333333
196,12639,0.8851966136561437,-0.0008743221518441142,0.01907506198545028,0.04549982161183885,0.2326118609394603,0.003956009177941293,12639,HIL_specialist_final_seal-water-bottle-cap_zhangyu_Huazhong,28,0.8787878787878788,0.98989898989899,0.9545454545454546,0.6787878787878788
156,6339,0.5923647262975232,0.0006465439703843839,0.013579215713935389,0.03179552913566161,0.162175115057426,0.007887679444707366,6339,HIL_specialist_final_seal-water-bottle-cap_VLAlab-JP,15,0.26262626262626265,0.7777777777777778,0.3484848484848485,0.6777777777777778
93,10788,0.7201520207638117,-0.0005701122917793511,0.01912847147245933,0.04081380874772599,0.19420128674169113,0.0046347793845012975,10788,HIL_specialist_final_seal-water-bottle-cap_Haruki_U-Tokyo,6,0.7777777777777778,0.9494949494949495,0.8484848484848485,0.6747474747474748
141,12536,0.8876834716017868,-0.0007833673470263956,0.015711989113288416,0.04341140002866317,0.24208816499372054,0.00398851308232291,12536,HIL_specialist_final_seal-water-bottle-cap_PengfangQian_SII,28,0.8737373737373737,0.9949494949494949,0.9090909090909091,0.6737373737373737
107,9545,0.6206390780513358,-0.0002840136151807588,0.01606648773809005,0.0422507962669902,0.20699783028026153,0.005238344683080147,9545,HIL_specialist_final_seal-water-bottle-cap_Haruki_U-Tokyo,21,0.6717171717171717,0.8232323232323232,0.8838383838383839,0.6621212121212121
104,6254,0.4892868564118964,0.0008115614707146156,0.017270635673003687,0.038806158163743505,0.15599631876607467,0.00799488327470419,6254,HIL_specialist_final_seal-water-bottle-cap_Haruki_U-Tokyo,18,0.25757575757575757,0.5454545454545454,0.7828282828282829,0.6618686868686868
48,8009,0.5895867149456862,0.00017429557417318088,0.013460155435996546,0.03596280426641036,0.3929570893536506,0.006242976651267324,8009,HIL_generalist_final_seal-water-bottle-cap_VLAlab-JP,19,0.46464646464646464,0.7676767676767676,0.6414141414141414,0.6611111111111112
110,10735,0.6682813227759664,-0.0004997772096807742,0.017712976643043055,0.0434360525097423,0.2328785246696048,0.004657661853749418,10735,HIL_specialist_final_seal-water-bottle-cap_Haruki_U-Tokyo,24,0.7727272727272727,0.8787878787878788,0.9141414141414141,0.6578282828282829
145,9192,0.6722149695387293,-0.00020458901045896472,0.01617000983019401,0.03531112805862952,0.16639286638160278,0.005439512619669277,9192,HIL_specialist_final_seal-water-bottle-cap_VLAlab-JP,2,0.6262626262626263,0.8838383838383839,0.5909090909090909,0.6467171717171717
65,11496,0.690848990953375,-0.0006336273159580943,0.016009311982589258,0.04129147143025924,0.19197506816049148,0.004349338900487126,11496,HIL_generalist_final_seal-water-bottle-cap_ZechengZhu_ICL,9,0.8232323232323232,0.9040404040404041,0.8686868686868687,0.6424242424242425
27,5340,0.49157303370786515,0.0013565893903096213,0.014913156488137735,0.033104564854102625,0.26710868985314895,0.009363295880149813,5340,HIL_generalist_final_seal-water-bottle-cap_PengfangQian_SII,25,0.12121212121212122,0.5555555555555556,0.42424242424242425,0.6424242424242425
4,8625,0.5609275362318841,-3.4409842527727525e-05,0.016493555017905726,0.04297491819520523,0.2258035054888301,0.005797101449275362,8625,HIL_generalist_final_seal-water-bottle-cap_Haruki_U-Tokyo,4,0.5656565656565656,0.6868686868686869,0.898989898989899,0.640909090909091
171,10623,0.7026263767297374,-0.0005247559166275704,0.012425523110824122,0.03702357024808458,0.20671337456365158,0.004706768332862657,10623,HIL_specialist_final_seal-water-bottle-cap_zhangyu_Huazhong,2,0.7525252525252525,0.9242424242424242,0.6919191919191919,0.6409090909090909
189,9665,0.6430419037765132,-0.0003781968375917004,0.012061234423118128,0.03771253437657882,0.25124562890191604,0.005173305742369374,9665,HIL_specialist_final_seal-water-bottle-cap_zhangyu_Huazhong,20,0.6868686868686869,0.8484848484848485,0.7373737373737373,0.6388888888888888
39,12295,0.7154127694184628,-0.0007391599207761431,0.014338400074439539,0.03958459705968429,0.2278988024677806,0.004066693777958519,12295,HIL_generalist_final_seal-water-bottle-cap_VLAlab-JP,8,0.8535353535353535,0.9393939393939394,0.797979797979798,0.6335858585858587
62,7775,0.5567845659163987,0.0002249714292737226,0.014545705028968348,0.0355993917669826,0.21550852418799926,0.006430868167202572,7775,HIL_generalist_final_seal-water-bottle-cap_ZechengZhu_ICL,6,0.43434343434343436,0.6818181818181818,0.6212121212121212,0.6290404040404041
175,9411,0.696631601317607,-0.00024287567910769814,0.011529516288238062,0.03378688902516891,0.19446079046388198,0.005312931675698651,9411,HIL_specialist_final_seal-water-bottle-cap_zhangyu_Huazhong,6,0.6616161616161617,0.9141414141414141,0.48484848484848486,0.6267676767676769
46,13083,0.6487044255904609,-0.0008363841723446032,0.022442187973456873,0.05468153566976121,0.42316964070901253,0.0038217534204693115,13083,HIL_generalist_final_seal-water-bottle-cap_VLAlab-JP,15,0.8888888888888888,0.8585858585858586,1.0,0.6252525252525253
153,11819,0.692105931127845,-0.000715293227298046,0.017062391945319666,0.0390544584478908,0.17360452921052505,0.0042304763516371946,11819,HIL_specialist_final_seal-water-bottle-cap_VLAlab-JP,11,0.8383838383838383,0.9090909090909091,0.7878787878787878,0.6232323232323232
108,8530,0.6044548651817117,-4.1965386120580505e-05,0.01318679363389541,0.033975666620927346,0.21583163351674606,0.005861664712778429,8530,HIL_specialist_final_seal-water-bottle-cap_Haruki_U-Tokyo,22,0.5505050505050505,0.8080808080808081,0.5050505050505051,0.621969696969697
150,5752,0.5417246175243393,0.0011090540721995941,0.013339824834065928,0.02999670342464973,0.21658104271550704,0.008692628650904033,5752,HIL_specialist_final_seal-water-bottle-cap_VLAlab-JP,8,0.15656565656565657,0.6262626262626263,0.2222222222222222,0.6214646464646464
40,5091,0.4001178550383029,0.0016166256135856268,0.020511504122214808,0.04546802849431564,0.3972652460115528,0.009821253191907287,5091,HIL_generalist_final_seal-water-bottle-cap_VLAlab-JP,9,0.10606060606060606,0.25757575757575757,0.9494949494949495,0.6186868686868687
60,16617,0.7156526448817476,-0.0012146658064008577,0.019005860992866053,0.0441371134008937,0.22413441152234603,0.0030089667208280674,16617,HIL_generalist_final_seal-water-bottle-cap_ZechengZhu_ICL,4,0.9747474747474747,0.9444444444444444,0.9242424242424242,0.6186868686868687
188,9150,0.5963934426229508,-0.00016109816549297624,0.012976065137582316,0.03564194873829414,0.18427389473577072,0.00546448087431694,9150,HIL_specialist_final_seal-water-bottle-cap_zhangyu_Huazhong,19,0.6212121212121212,0.7878787878787878,0.6313131313131313,0.6133838383838384
119,12503,0.7273454370950971,-0.000813227015465425,0.012699641146855845,0.03681970448155933,0.23767793164511253,0.003999040230344717,12503,HIL_specialist_final_seal-water-bottle-cap_PengfangQian_SII,4,0.8686868686868687,0.9545454545454546,0.6868686868686869,0.6128787878787878
33,7505,0.5840106595602932,0.00030401799302530225,0.01401212424893905,0.031055160471396948,0.18169272304435302,0.006662225183211193,7505,HIL_generalist_final_seal-water-bottle-cap_VLAlab-JP,2,0.3939393939393939,0.7525252525252525,0.30808080808080807,0.6123737373737373
118,7208,0.542591564927858,0.0003510454226501681,0.015362936862903132,0.03378859073777726,0.39945849960565927,0.0069367369589345175,7208,HIL_specialist_final_seal-water-bottle-cap_PengfangQian_SII,3,0.35858585858585856,0.6363636363636364,0.4898989898989899,0.6088383838383838
34,7196,0.5172317954419122,0.00030689655015696065,0.014173284032540812,0.03476472929974128,0.15938390404840042,0.006948304613674263,7196,HIL_generalist_final_seal-water-bottle-cap_VLAlab-JP,3,0.35353535353535354,0.5959595959595959,0.5606060606060606,0.6065656565656565
83,4710,0.37791932059447986,0.0016329170181839038,0.017020277538495554,0.04418960274119911,0.39786664384162984,0.010615711252653927,4710,HIL_generalist_final_seal-water-bottle-cap_ZechengZhu_ICL,27,0.045454545454545456,0.1919191919191919,0.9292929292929293,0.6063131313131314
144,6773,0.5065702052266352,0.0005526875173478583,0.012793179460959925,0.033777158566909334,0.24785358444710304,0.007382253063635022,6773,HIL_specialist_final_seal-water-bottle-cap_VLAlab-JP,1,0.30808080808080807,0.5858585858585859,0.4797979797979798,0.6017676767676767
44,16290,0.8687538367096378,-0.0011910750825760358,0.013880241521792902,0.03779638023038436,0.22539239735265304,0.003069367710251688,16290,HIL_generalist_final_seal-water-bottle-cap_VLAlab-JP,13,0.9696969696969697,0.9797979797979798,0.7474747474747475,0.601010101010101
3,6491,0.434447696810969,0.0007257451783831142,0.016359403588967814,0.04119186089296867,0.19442403674979736,0.007702973347712217,6491,HIL_generalist_final_seal-water-bottle-cap_Haruki_U-Tokyo,3,0.2777777777777778,0.3838383838383838,0.8636363636363636,0.5982323232323232
49,9930,0.6741188318227593,-0.0002821570909353528,0.014409761735396875,0.03347268537540962,0.13833547742028762,0.005035246727089627,9930,HIL_generalist_final_seal-water-bottle-cap_VLAlab-JP,21,0.702020202020202,0.8888888888888888,0.46464646464646464,0.5972222222222222
41,4718,0.39762611275964393,0.0016491481925820636,0.01870924220343162,0.03776863054295112,0.1823183967258506,0.0105977108944468,4718,HIL_generalist_final_seal-water-bottle-cap_VLAlab-JP,10,0.050505050505050504,0.25252525252525254,0.7424242424242424,0.5944444444444444
113,4120,0.37718446601941746,0.002114560013028511,0.017884339996772303,0.04024646938701201,0.13890176624913741,0.012135922330097087,4120,HIL_specialist_final_seal-water-bottle-cap_Haruki_U-Tokyo,27,0.015151515151515152,0.17676767676767677,0.8333333333333334,0.5909090909090908
109,5768,0.4668862690707351,0.0009379810898827761,0.015099054061966433,0.032478869565921324,0.1481544485773616,0.008668515950069348,5768,HIL_specialist_final_seal-water-bottle-cap_Haruki_U-Tokyo,23,0.16161616161616163,0.48484848484848486,0.3939393939393939,0.5904040404040405
63,9739,0.705000513399733,-0.00036368848708360314,0.012252215155559076,0.0314825645174556,0.23447016985078384,0.005133997330321388,9739,HIL_generalist_final_seal-water-bottle-cap_ZechengZhu_ICL,7,0.696969696969697,0.9292929292929293,0.3282828282828283,0.5898989898989899
29,8819,0.592924367842159,-0.00023689206297167951,0.014121781894164576,0.033483346411185756,0.16828798861165573,0.005669577049552103,8819,HIL_generalist_final_seal-water-bottle-cap_PengfangQian_SII,28,0.5909090909090909,0.7828282828282829,0.4696969696969697,0.5893939393939395
35,5435,0.48794848206071756,0.0012110869125326034,0.013266604253249659,0.029844929882484002,0.1513287535395198,0.00919963201471941,5435,HIL_generalist_final_seal-water-bottle-cap_VLAlab-JP,4,0.12626262626262627,0.5353535353535354,0.21212121212121213,0.5891414141414142
20,14563,0.701915814049303,-0.000962725162221433,0.015261679747300638,0.03865120024343063,0.23028224320073654,0.0034333585112957493,14563,HIL_generalist_final_seal-water-bottle-cap_PengfangQian_SII,16,0.9444444444444444,0.9191919191919192,0.7777777777777778,0.5886363636363636
55,8684,0.6092814371257484,-0.00010982526827000534,0.014593532168465151,0.032250768550830373,0.1430165729012065,0.005757715338553662,8684,HIL_generalist_final_seal-water-bottle-cap_VLAlab-JP,28,0.5757575757575758,0.8131313131313131,0.36363636363636365,0.5871212121212122
91,8212,0.5678275694106186,1.7342226528281282e-05,0.014538235821919931,0.03331240252514414,0.1881252153303199,0.0060886507549926935,8212,HIL_specialist_final_seal-water-bottle-cap_Haruki_U-Tokyo,4,0.494949494949495,0.7070707070707071,0.4393939393939394,0.5828282828282828
97,4500,0.40044444444444444,0.0019260985559707638,0.017425634757774366,0.03557898949488975,0.1859819403376155,0.011111111111111112,4500,HIL_specialist_final_seal-water-bottle-cap_Haruki_U-Tokyo,11,0.04040404040404041,0.26262626262626265,0.6111111111111112,0.5762626262626263
43,5090,0.38290766208251475,0.001579813463434761,0.017562981554465784,0.040676991501050495,0.15319364876409103,0.009823182711198428,5090,HIL_generalist_final_seal-water-bottle-cap_VLAlab-JP,12,0.10101010101010101,0.20202020202020202,0.8434343434343434,0.5742424242424242
105,8296,0.546046287367406,8.601518987348581e-05,0.014113277056413187,0.03506431342025329,0.13398706526418258,0.006027000964320154,8296,HIL_specialist_final_seal-water-bottle-cap_Haruki_U-Tokyo,19,0.5151515151515151,0.6414141414141414,0.5757575757575758,0.5734848484848485
152,4182,0.35389765662362505,0.0025350828726498817,0.014549564429717554,0.04245860488076737,0.2010436168398433,0.011956001912960305,4182,HIL_specialist_final_seal-water-bottle-cap_VLAlab-JP,10,0.020202020202020204,0.11616161616161616,0.8888888888888888,0.572979797979798
131,8111,0.49784243619775614,0.00015976084115705498,0.012838344880538477,0.036730516561465754,0.2037741652216487,0.006164468006411046,8111,HIL_specialist_final_seal-water-bottle-cap_PengfangQian_SII,17,0.4797979797979798,0.5656565656565656,0.6818181818181818,0.5729797979797979
112,5581,0.4373768141910052,0.0011090876358139552,0.014839913555579676,0.0333250275339656,0.17673043520112564,0.008958967926894821,5581,HIL_specialist_final_seal-water-bottle-cap_Haruki_U-Tokyo,26,0.13636363636363635,0.3939393939393939,0.4444444444444444,0.5684343434343434
117,8601,0.4998256016742239,-4.8228842110344916e-05,0.01740214587111999,0.03848842889924575,0.15400841445584823,0.005813277525869085,8601,HIL_specialist_final_seal-water-bottle-cap_PengfangQian_SII,2,0.5606060606060606,0.5757575757575758,0.7727272727272727,0.5674242424242424
68,7844,0.5665476797552269,0.00015297450332510743,0.013406075396733774,0.03076145560403396,0.20654854536910583,0.006374298827129016,7844,HIL_generalist_final_seal-water-bottle-cap_ZechengZhu_ICL,12,0.45454545454545453,0.702020202020202,0.29292929292929293,0.5654040404040405
122,15852,0.7788291698208428,-0.0011348068588358032,0.01322181881328155,0.034948802598910825,0.2397353014435344,0.0031541761291950542,15852,HIL_specialist_final_seal-water-bottle-cap_PengfangQian_SII,7,0.9595959595959596,0.9696969696969697,0.5707070707070707,0.5646464646464647
84,9109,0.5104841365682292,-0.00021084140709130828,0.011978428670363916,0.03985832543035085,0.2339173293199115,0.0054890767372927874,9109,HIL_generalist_final_seal-water-bottle-cap_ZechengZhu_ICL,28,0.6161616161616161,0.5909090909090909,0.8181818181818182,0.563888888888889
149,8013,0.549856483214776,0.00017939624899601748,0.012230660625892176,0.03296393067498733,0.2671267649616771,0.006239860227130912,8013,HIL_specialist_final_seal-water-bottle-cap_VLAlab-JP,7,0.4696969696969697,0.6515151515151515,0.41919191919191917,0.5626262626262626
85,6057,0.38781575037147104,0.0009131870158059039,0.02014998705049087,0.045647298404174357,0.16565522164960433,0.008254911672445105,6057,HIL_generalist_final_seal-water-bottle-cap_ZechengZhu_ICL,29,0.22727272727272727,0.2222222222222222,0.9595959595959596,0.5623737373737374
180,8223,0.5693785722972151,-0.00010413931857183219,0.012722899996834292,0.031197102972465054,0.16249396265407134,0.0060805058980907215,8223,HIL_specialist_final_seal-water-bottle-cap_zhangyu_Huazhong,11,0.5,0.7171717171717171,0.32323232323232326,0.5623737373737373
125,5795,0.40465918895599656,0.0008968253636504312,0.015822384365993036,0.03755507678647567,0.26828577543635534,0.008628127696289905,5795,HIL_specialist_final_seal-water-bottle-cap_PengfangQian_SII,11,0.1717171717171717,0.2777777777777778,0.7272727272727273,0.5603535353535354
100,8031,0.5689204333208816,6.172393679005707e-05,0.012971382447677149,0.030463721462684168,0.1353036387350135,0.006225874735400324,8031,HIL_specialist_final_seal-water-bottle-cap_Haruki_U-Tokyo,14,0.47474747474747475,0.7121212121212122,0.25757575757575757,0.5558080808080809
120,10808,0.6822723908216136,-0.0006463897303104947,0.011720564075904383,0.03245232016702225,0.27403449625630905,0.0046262028127313105,10808,HIL_specialist_final_seal-water-bottle-cap_PengfangQian_SII,5,0.7828282828282829,0.8939393939393939,0.3838383838383838,0.555050505050505
50,8445,0.4792184724689165,-5.348047475300929e-06,0.017931829997497095,0.03964100689549972,0.17318729669709731,0.005920663114268798,8445,HIL_generalist_final_seal-water-bottle-cap_VLAlab-JP,22,0.5404040404040404,0.5151515151515151,0.803030303030303,0.5532828282828283
47,5946,0.3868146653212243,0.0009191183583550964,0.01906575484490683,0.042151573904948725,0.2498673161949687,0.008409014463504878,5946,HIL_generalist_final_seal-water-bottle-cap_VLAlab-JP,17,0.20707070707070707,0.21717171717171718,0.8787878787878788,0.551010101010101
73,7074,0.4980209216850438,0.0003807737227502287,0.014062058040099634,0.03114529759545851,0.12174275875945617,0.007068136839129205,7074,HIL_generalist_final_seal-water-bottle-cap_ZechengZhu_ICL,17,0.3434343434343434,0.5707070707070707,0.3181818181818182,0.5502525252525252
142,7499,0.4233897853047073,0.0003539781416345122,0.01652635992427398,0.04473241181035567,0.2281264549579196,0.006667555674089879,7499,HIL_specialist_final_seal-water-bottle-cap_PengfangQian_SII,29,0.3888888888888889,0.3282828282828283,0.9393939393939394,0.5494949494949495
128,6477,0.4315269414852555,0.0007509577699195311,0.016574140497642054,0.0365215382065349,0.14054473848004867,0.0077196232823838196,6477,HIL_specialist_final_seal-water-bottle-cap_PengfangQian_SII,14,0.2727272727272727,0.35353535353535354,0.6717171717171717,0.5479797979797979
165,5594,0.4175902752949589,0.0012328925822072732,0.016510629885988726,0.033984446233394104,0.14416931183000137,0.00893814801573114,5594,HIL_specialist_final_seal-water-bottle-cap_VLAlab-JP,24,0.1414141414141414,0.3181818181818182,0.51010101010101,0.5457070707070707
138,4760,0.3558823529411765,0.0018563817270650846,0.015349642233150496,0.03925641984601556,0.13589574010034133,0.01050420168067227,4760,HIL_specialist_final_seal-water-bottle-cap_PengfangQian_SII,25,0.06060606060606061,0.12626262626262627,0.7929292929292929,0.5441919191919192
16,10591,0.6229817769804551,-0.0004529104757731514,0.01254117847343017,0.032907482096152796,0.247409213193851,0.004720989519403267,10591,HIL_generalist_final_seal-water-bottle-cap_PengfangQian_SII,10,0.7474747474747475,0.8282828282828283,0.41414141414141414,0.543939393939394
121,10676,0.5317534657174972,-0.0006413566428407785,0.0192280857350402,0.04399433345456649,0.4062880220546262,0.004683402023229674,10676,HIL_specialist_final_seal-water-bottle-cap_PengfangQian_SII,6,0.7575757575757576,0.6111111111111112,0.9191919191919192,0.5436868686868688
14,12652,0.5664717040784065,-0.0008735220676187131,0.017414333158331408,0.04512170315642881,0.2562106511082225,0.003951944356623459,12652,HIL_generalist_final_seal-water-bottle-cap_PengfangQian_SII,8,0.8838383838383839,0.696969696969697,0.9444444444444444,0.5431818181818182
103,8734,0.5488893977558965,-8.703397553023914e-05,0.01313014500697185,0.03410693840046453,0.23312230021615554,0.00572475383558507,8734,HIL_specialist_final_seal-water-bottle-cap_Haruki_U-Tokyo,17,0.5808080808080808,0.6464646464646465,0.5252525252525253,0.5426767676767678
106,5910,0.43333333333333335,0.0009596393127598694,0.015612982073026194,0.03365973890681794,0.14597185314555694,0.008460236886632826,5910,HIL_specialist_final_seal-water-bottle-cap_Haruki_U-Tokyo,20,0.19696969696969696,0.3686868686868687,0.47474747474747475,0.5419191919191919
67,10824,0.6010716925351072,-0.0005561502288600322,0.014405231782393946,0.034025605627494356,0.26253493488688995,0.004619364375461937,10824,HIL_generalist_final_seal-water-bottle-cap_ZechengZhu_ICL,11,0.7878787878787878,0.803030303030303,0.5202020202020202,0.5396464646464646
10,4263,0.3448275862068966,0.002183675174134899,0.014619745173650278,0.03787358016629746,0.1955809703554683,0.01172882946281961,4263,HIL_generalist_final_seal-water-bottle-cap_PengfangQian_SII,4,0.025252525252525252,0.09595959595959595,0.7525252525252525,0.5348484848484848
71,8897,0.5196133528155558,-0.00018769861645251103,0.014809962221580042,0.0355906924690776,0.1508792451109462,0.005619871866921434,8897,HIL_generalist_final_seal-water-bottle-cap_ZechengZhu_ICL,15,0.5984848484848485,0.601010101010101,0.6161616161616161,0.5342171717171716
0,7656,0.40282131661442006,7.746598011508133e-05,0.018872160324054255,0.04630924747248222,0.2289262263562255,0.006530825496342737,7656,HIL_generalist_final_seal-water-bottle-cap_Haruki_U-Tokyo,0,0.40404040404040403,0.2727272727272727,0.9696969696969697,0.5252525252525253
54,7324,0.4665483342435827,0.00038163451536512574,0.014746948936181559,0.03329390571375417,0.20338313640018035,0.006826870562534134,7324,HIL_generalist_final_seal-water-bottle-cap_VLAlab-JP,27,0.3686868686868687,0.4797979797979798,0.43434343434343436,0.5237373737373737
187,10729,0.5540124895144002,-0.0004637346483797698,0.01283773393292953,0.03716650218625596,0.2663413098539882,0.004660266567247646,10729,HIL_specialist_final_seal-water-bottle-cap_zhangyu_Huazhong,18,0.7676767676767676,0.6666666666666666,0.7121212121212122,0.5237373737373737
45,5082,0.3852813852813853,0.0015236590443427442,0.018000949033694758,0.034756611892180996,0.13074333579202224,0.009838646202282565,5082,HIL_generalist_final_seal-water-bottle-cap_VLAlab-JP,14,0.09595959595959595,0.21212121212121213,0.5555555555555556,0.522979797979798
158,9235,0.5704385489983758,-0.00023923336554610862,0.014347351947026743,0.03176318057735493,0.16309418887754012,0.005414185165132647,9235,HIL_specialist_final_seal-water-bottle-cap_VLAlab-JP,17,0.6363636363636364,0.7272727272727273,0.3383838383838384,0.5222222222222223
19,6583,0.4930882576332979,0.0006628626542642646,0.009903374918895258,0.027854349323707124,0.23011560351510574,0.007595321282090233,6583,HIL_generalist_final_seal-water-bottle-cap_PengfangQian_SII,15,0.29292929292929293,0.5606060606060606,0.10606060606060606,0.520959595959596
177,8897,0.48375857030459707,-7.97256298189427e-05,0.014972131558852686,0.037132590123611045,0.21156918615956832,0.005619871866921434,8897,HIL_specialist_final_seal-water-bottle-cap_zhangyu_Huazhong,8,0.5984848484848485,0.5252525252525253,0.7070707070707071,0.5183080808080808
185,10011,0.5877534711817002,-0.0004665076400805671,0.013085476913648142,0.03241926045079757,0.24396863193173934,0.004994506043352312,10011,HIL_specialist_final_seal-water-bottle-cap_zhangyu_Huazhong,16,0.7171717171717171,0.7626262626262627,0.3787878787878788,0.517929292929293
31,7339,0.39051641913067175,0.00039443518383557887,0.021309319743114008,0.04630565852780868,0.1650742440011077,0.0068129172911840855,7339,HIL_generalist_final_seal-water-bottle-cap_VLAlab-JP,0,0.3787878787878788,0.23232323232323232,0.9646464646464646,0.51489898989899
36,8280,0.5506038647342996,-6.73428023763278e-05,0.014307808921831144,0.030090983816581266,0.22016023457904388,0.006038647342995169,8280,HIL_generalist_final_seal-water-bottle-cap_VLAlab-JP,5,0.51010101010101,0.6565656565656566,0.23737373737373738,0.5143939393939394
64,6877,0.40962629053366295,0.0004081434823080923,0.01585340113301803,0.03709021420140795,0.21649410189052154,0.007270612185546023,6877,HIL_generalist_final_seal-water-bottle-cap_ZechengZhu_ICL,8,0.31313131313131315,0.29292929292929293,0.702020202020202,0.5126262626262627
12,8436,0.5787102892366051,-0.0001734900509690378,0.011733783268528475,0.026480454811053766,0.16505735726018478,0.005926979611190137,8436,HIL_generalist_final_seal-water-bottle-cap_PengfangQian_SII,6,0.5353535353535354,0.7424242424242424,0.06060606060606061,0.5088383838383839
23,7907,0.47666624509927913,8.14926043239585e-05,0.014831926533179773,0.03339907736440233,0.15227833003659774,0.006323510813203491,7907,HIL_generalist_final_seal-water-bottle-cap_PengfangQian_SII,21,0.4595959595959596,0.5050505050505051,0.4494949494949495,0.5063131313131314
139,6079,0.3628886329988485,0.0006273959454265591,0.01717061907907058,0.03978550047536421,0.136015709349113,0.008225037012666556,6079,HIL_specialist_final_seal-water-bottle-cap_PengfangQian_SII,26,0.23232323232323232,0.15656565656565657,0.8080808080808081,0.5007575757575758
30,5828,0.44286204529855866,0.0011290042443818922,0.013304378696876062,0.02765652001758148,0.14521608860154678,0.008579272477693892,5828,HIL_generalist_final_seal-water-bottle-cap_PengfangQian_SII,29,0.18181818181818182,0.4292929292929293,0.10101010101010101,0.4997474747474747
181,12318,0.6114628998213996,-0.0008181048813372231,0.013202642881470217,0.032516135879951016,0.22406017393727828,0.004059100503328463,12318,HIL_specialist_final_seal-water-bottle-cap_zhangyu_Huazhong,12,0.8585858585858586,0.8181818181818182,0.40404040404040403,0.49848484848484853
28,10293,0.6239191683668512,-0.0004153521899467291,0.01075619072576095,0.028448494383292756,0.18468802780767013,0.00485767026134266,10293,HIL_generalist_final_seal-water-bottle-cap_PengfangQian_SII,27,0.7323232323232324,0.8333333333333334,0.1414141414141414,0.49696969696969695
143,13512,0.5905121373593842,-0.0009419447941020447,0.01359858722348739,0.03493472547193099,0.2383726349558406,0.003700414446417999,13512,HIL_specialist_final_seal-water-bottle-cap_VLAlab-JP,0,0.9040404040404041,0.7727272727272727,0.5656565656565656,0.4944444444444444
98,6341,0.4317930925721495,0.0007922977852742089,0.014515917607741846,0.03234123052020599,0.1516271492924266,0.007885191610156127,6341,HIL_specialist_final_seal-water-bottle-cap_Haruki_U-Tokyo,12,0.2676767676767677,0.36363636363636365,0.3686868686868687,0.4936868686868686
1,9687,0.5619902962733561,-0.00031248449462799766,0.014109600194888605,0.03193426341672466,0.18649150789638091,0.005161556725508413,9687,HIL_generalist_final_seal-water-bottle-cap_Haruki_U-Tokyo,1,0.6919191919191919,0.6919191919191919,0.35353535353535354,0.48989898989898994
66,14649,0.7118574646733565,-0.000994723978836699,0.011550601431327356,0.030346860596137556,0.16109983236451675,0.003413202266366305,14649,HIL_generalist_final_seal-water-bottle-cap_ZechengZhu_ICL,10,0.9494949494949495,0.9343434343434344,0.25252525252525254,0.48863636363636365
11,5567,0.3529728758756961,0.001157971635726186,0.01490873829384376,0.03648754567761951,0.19930703551431228,0.008981498113885397,5567,HIL_generalist_final_seal-water-bottle-cap_PengfangQian_SII,5,0.13131313131313133,0.1111111111111111,0.6616161616161617,0.4863636363636364
88,7100,0.40549295774647887,0.00041857880749494717,0.013890672334628595,0.035614617773490495,0.1706291920032077,0.007042253521126761,7100,HIL_specialist_final_seal-water-bottle-cap_Haruki_U-Tokyo,1,0.3484848484848485,0.2828282828282828,0.6262626262626263,0.4805555555555555
129,13381,0.582243479560571,-0.000893359236443429,0.011310752340751185,0.034370314189391626,0.2558778299476676,0.0037366415066138556,13381,HIL_specialist_final_seal-water-bottle-cap_PengfangQian_SII,15,0.898989898989899,0.7474747474747475,0.5353535353535354,0.4787878787878788
147,7727,0.49035848324058495,0.00020927109018860482,0.01062583909292747,0.02840604395528367,0.4182946476551562,0.006470816617057073,7727,HIL_specialist_final_seal-water-bottle-cap_VLAlab-JP,5,0.4217171717171717,0.5505050505050505,0.13636363636363635,0.47739898989898993
21,11301,0.5518980621183966,-0.0006146511602010045,0.01602343083282043,0.03463302911181976,0.12994866431613494,0.004424387222369702,11301,HIL_generalist_final_seal-water-bottle-cap_PengfangQian_SII,18,0.8080808080808081,0.6616161616161617,0.5454545454545454,0.47398989898989896
136,6735,0.4375649591685226,0.0006953345272915608,0.012090813228087915,0.030162086197333828,0.12498575062413741,0.007423904974016332,6735,HIL_specialist_final_seal-water-bottle-cap_PengfangQian_SII,23,0.30303030303030304,0.398989898989899,0.24242424242424243,0.47196969696969693
2,7215,0.4480942480942481,0.0003885526891117424,0.013130511948066248,0.030525397368865503,0.1503209284033351,0.00693000693000693,7215,HIL_generalist_final_seal-water-bottle-cap_Haruki_U-Tokyo,2,0.36363636363636365,0.43434343434343436,0.2676767676767677,0.47171717171717176
72,8492,0.46208195949128594,-0.00012668425463354259,0.013634422653513445,0.03327860892673066,0.28629983947535087,0.005887894488930758,8492,HIL_generalist_final_seal-water-bottle-cap_ZechengZhu_ICL,16,0.5454545454545454,0.47474747474747475,0.4292929292929293,0.4585858585858586
37,4730,0.3579281183932347,0.0018560677814886818,0.014311132812099947,0.03168302462359001,0.14805934936662246,0.010570824524312896,4730,HIL_generalist_final_seal-water-bottle-cap_VLAlab-JP,6,0.05555555555555555,0.13636363636363635,0.3333333333333333,0.45858585858585854
24,11292,0.4585547290116897,-0.0005399697397652098,0.018468085535960688,0.043089898535209184,0.22221293658872177,0.004427913567127169,11292,HIL_generalist_final_seal-water-bottle-cap_PengfangQian_SII,22,0.803030303030303,0.4595959595959596,0.9040404040404041,0.4565656565656566
6,10268,0.48714452668484615,-0.0005679991727242544,0.014153012865381731,0.03541891486306716,0.1889309993471675,0.004869497467861317,10268,HIL_generalist_final_seal-water-bottle-cap_PengfangQian_SII,0,0.7222222222222222,0.5303030303030303,0.5959595959595959,0.45505050505050504
75,9078,0.43721083939193656,-0.00021590620164661727,0.016566756972270502,0.03717802078385879,0.17826641709466506,0.0055078211059704785,9078,HIL_generalist_final_seal-water-bottle-cap_ZechengZhu_ICL,19,0.6111111111111112,0.3888888888888889,0.7171717171717171,0.4545454545454546
99,9436,0.5546841882153455,-0.00018856931734614524,0.01266504251320888,0.029232133039432062,0.1277909836258464,0.0052988554472234,9436,HIL_specialist_final_seal-water-bottle-cap_Haruki_U-Tokyo,13,0.6666666666666666,0.6717171717171717,0.1717171717171717,0.4532828282828283
26,4987,0.36675355925406056,0.0015614521548080202,0.014199208327727808,0.03069482357163956,0.3955017030239105,0.010026067776218167,4987,HIL_generalist_final_seal-water-bottle-cap_PengfangQian_SII,24,0.08080808080808081,0.16161616161616163,0.2878787878787879,0.4520202020202021
74,5617,0.39327042905465553,0.0011919347087248218,0.012796718486743464,0.030038716503577728,0.399286428458011,0.008901548869503293,5617,HIL_generalist_final_seal-water-bottle-cap_ZechengZhu_ICL,18,0.14646464646464646,0.23737373737373738,0.23232323232323232,0.45202020202020204
70,9609,0.5698824019148715,-0.0003394297037595646,0.011855777212577356,0.026509042688804187,0.18517268807550002,0.005203455094182537,9609,HIL_generalist_final_seal-water-bottle-cap_ZechengZhu_ICL,14,0.6818181818181818,0.7222222222222222,0.06565656565656566,0.4494949494949495
95,8375,0.5041194029850746,-9.178826005505068e-05,0.011471640178161158,0.02750317067761947,0.14845749349256088,0.005970149253731343,8375,HIL_specialist_final_seal-water-bottle-cap_Haruki_U-Tokyo,9,0.5303030303030303,0.5808080808080808,0.09595959595959595,0.444949494949495
186,13097,0.6000610826906925,-0.0009585124062379005,0.012705590435462488,0.029602833696799766,0.2485063894178443,0.003817668168282813,13097,HIL_specialist_final_seal-water-bottle-cap_zhangyu_Huazhong,17,0.8939393939393939,0.797979797979798,0.20202020202020202,0.4366161616161616
87,9256,0.4336646499567848,-0.00038578574847457706,0.015703128510313524,0.037468772241073145,0.13335714847703506,0.0054019014693171994,9256,HIL_specialist_final_seal-water-bottle-cap_Haruki_U-Tokyo,0,0.6464646464646465,0.37373737373737376,0.7222222222222222,0.4363636363636364
92,5007,0.32035150788895544,0.0015214286512912653,0.011838760086493982,0.033849383005099834,0.3615431616568817,0.009986019572598362,5007,HIL_specialist_final_seal-water-bottle-cap_Haruki_U-Tokyo,5,0.09090909090909091,0.04040404040404041,0.494949494949495,0.4353535353535354
96,6975,0.4110394265232975,0.0004001719103772283,0.013228136905627741,0.030926241585212275,0.1661159581031375,0.007168458781362007,6975,HIL_specialist_final_seal-water-bottle-cap_Haruki_U-Tokyo,10,0.32323232323232326,0.30303030303030304,0.30303030303030304,0.4338383838383838
102,7674,0.4680740161584571,0.0002187781258694417,0.011305343219237818,0.02428164393563796,0.15382602424283554,0.006515506906437321,7674,HIL_specialist_final_seal-water-bottle-cap_Haruki_U-Tokyo,16,0.4090909090909091,0.4898989898989899,0.025252525252525252,0.4323232323232323
79,7483,0.4110650808499265,0.00027701242992391384,0.01443641618748237,0.032368939229445955,0.14513675481935073,0.006681812107443539,7483,HIL_generalist_final_seal-water-bottle-cap_ZechengZhu_ICL,23,0.3838383838383838,0.30808080808080807,0.37373737373737376,0.429040404040404
59,14400,0.5424305555555555,-0.000983299231292487,0.01312035680671264,0.03543974817653228,0.1874816826071315,0.003472222222222222,14400,HIL_generalist_final_seal-water-bottle-cap_ZechengZhu_ICL,3,0.9393939393939394,0.6313131313131313,0.601010101010101,0.42550505050505044
169,20088,0.6302767821585026,-0.0013461705942230007,0.01007615760822822,0.029605161258178237,0.21658010394235183,0.002489048187972919,20088,HIL_specialist_final_seal-water-bottle-cap_zhangyu_Huazhong,0,0.9848484848484849,0.8383838383838383,0.20707070707070707,0.423989898989899
130,10275,0.4513868613138686,-0.0003981048970841279,0.016215022512870325,0.036217974730926056,0.2268384283866458,0.004866180048661801,10275,HIL_specialist_final_seal-water-bottle-cap_PengfangQian_SII,16,0.7272727272727273,0.4393939393939394,0.6515151515151515,0.42348484848484846
8,5721,0.35483307114140883,0.0011513321858168156,0.014298017927604212,0.032128047057586206,0.21224236101766158,0.008739730816290859,5721,HIL_generalist_final_seal-water-bottle-cap_PengfangQian_SII,2,0.15151515151515152,0.12121212121212122,0.35858585858585856,0.42323232323232324
13,4324,0.33996299722479184,0.001962020844544012,0.0142479090477996,0.030231696971850887,0.16888304413219024,0.01156336725254394,4324,HIL_generalist_final_seal-water-bottle-cap_PengfangQian_SII,7,0.030303030303030304,0.07575757575757576,0.2474747474747475,0.42297979797979796
148,7678,0.45610836155248763,0.0002249321640703288,0.008825879403548731,0.026839712121682662,0.20366094619889785,0.006512112529304506,7678,HIL_specialist_final_seal-water-bottle-cap_VLAlab-JP,6,0.41414141414141414,0.4494949494949495,0.0707070707070707,0.42146464646464643
154,8347,0.3694740625374386,4.1151307357211364e-05,0.017158616193728937,0.042681976267295405,0.18229639330151215,0.0059901761111776685,8347,HIL_specialist_final_seal-water-bottle-cap_VLAlab-JP,12,0.5252525252525253,0.16666666666666666,0.8939393939393939,0.41994949494949496
163,7004,0.3776413478012564,0.0005288305723537526,0.014285614573555483,0.03346667201180984,0.11753153414388229,0.007138777841233581,7004,HIL_specialist_final_seal-water-bottle-cap_VLAlab-JP,22,0.3333333333333333,0.18686868686868688,0.4595959595959596,0.40934343434343434
172,14844,0.5713419563459984,-0.0010593228790162525,0.010656945266919626,0.0311444832469993,0.20680228606720497,0.0033683643222850983,14844,HIL_specialist_final_seal-water-bottle-cap_zhangyu_Huazhong,3,0.9545454545454546,0.7323232323232324,0.31313131313131315,0.4080808080808081
162,4937,0.33724934170548915,0.0016106396745261538,0.013133812555270685,0.030509023972945776,0.11639178902764846,0.010127607859023698,4937,HIL_specialist_final_seal-water-bottle-cap_VLAlab-JP,21,0.07575757575757576,0.0707070707070707,0.26262626262626265,0.40782828282828276
116,4920,0.3258130081300813,0.0015813767069096513,0.01271171481271316,0.030677211889224575,0.4151166509359311,0.01016260162601626,4920,HIL_specialist_final_seal-water-bottle-cap_PengfangQian_SII,1,0.0707070707070707,0.050505050505050504,0.2777777777777778,0.4035353535353535
182,8938,0.48366524949653167,-0.00016009040378891837,0.011391129204230799,0.02864076555629303,0.2390130384351783,0.005594092638174088,8938,HIL_specialist_final_seal-water-bottle-cap_zhangyu_Huazhong,13,0.6060606060606061,0.5202020202020202,0.15151515151515152,0.4022727272727272
137,7781,0.43387739365120165,0.00019566747514231033,0.014332141586738123,0.029251325735049738,0.13582059354444076,0.006425909266161162,7781,HIL_specialist_final_seal-water-bottle-cap_PengfangQian_SII,24,0.4393939393939394,0.3787878787878788,0.17676767676767677,0.402020202020202
101,8748,0.48845450388660266,-0.0001467969444871634,0.012608047434287561,0.025892063089805142,0.2297107240643077,0.005715592135345221,8748,HIL_specialist_final_seal-water-bottle-cap_Haruki_U-Tokyo,15,0.5858585858585859,0.5404040404040404,0.045454545454545456,0.3972222222222222
192,9592,0.39668473728106757,-0.00020481318553388115,0.01492058285434772,0.04099782616754104,0.24181548119445373,0.0052126772310258545,9592,HIL_specialist_final_seal-water-bottle-cap_zhangyu_Huazhong,23,0.6767676767676768,0.2474747474747475,0.8585858585858586,0.3962121212121212
194,12036,0.4596211365902293,-0.0007231762242694397,0.01577221215625335,0.03583784014840652,0.25496098012586166,0.004154204054503157,12036,HIL_specialist_final_seal-water-bottle-cap_zhangyu_Huazhong,25,0.8484848484848485,0.46464646464646464,0.6363636363636364,0.3893939393939394
159,6638,0.38912322988852066,0.000722935327378349,0.014227434852319254,0.02955778972168495,0.2101705184664302,0.007532389273877674,6638,HIL_specialist_final_seal-water-bottle-cap_VLAlab-JP,18,0.29797979797979796,0.22727272727272727,0.19696969696969696,0.38737373737373737
157,6093,0.3953717380600689,0.0010052393431061431,0.01135956854482223,0.02595445127149154,0.15342896790166427,0.008206138191367143,6093,HIL_specialist_final_seal-water-bottle-cap_VLAlab-JP,16,0.23737373737373738,0.24242424242424243,0.050505050505050504,0.3861111111111111
127,11161,0.43795358838813725,-0.0005296546716474415,0.014731924840407862,0.03644956261773635,0.24053435386081268,0.004479885314935938,11161,HIL_specialist_final_seal-water-bottle-cap_PengfangQian_SII,13,0.7929292929292929,0.40404040404040403,0.6565656565656566,0.3856060606060606
126,11211,0.4599054500044599,-0.0005741956723678971,0.015462998160319819,0.03402244658132125,0.15591142685075332,0.00445990545000446,11211,HIL_specialist_final_seal-water-bottle-cap_PengfangQian_SII,12,0.797979797979798,0.4696969696969697,0.5151515151515151,0.3851010101010101
25,6027,0.3794591007134561,0.0008101622912590264,0.012216355511146082,0.028207947918372646,0.16693328679462005,0.008296001327360213,6027,HIL_generalist_final_seal-water-bottle-cap_PengfangQian_SII,23,0.2222222222222222,0.19696969696969696,0.12121212121212122,0.38510101010101006
178,14147,0.5353785254824345,-0.0009597746429238736,0.012109625944095148,0.03268615216870832,0.1680315843309932,0.0035343182300134304,14147,HIL_specialist_final_seal-water-bottle-cap_zhangyu_Huazhong,9,0.9292929292929293,0.6161616161616161,0.4090909090909091,0.38383838383838387
146,5926,0.3466081673979075,0.0008236658019245071,0.012989997723298563,0.030688110598521723,0.2598703241433673,0.008437394532568343,5926,HIL_specialist_final_seal-water-bottle-cap_VLAlab-JP,4,0.20202020202020202,0.10101010101010101,0.2828282828282828,0.38131313131313127
191,13769,0.44157164645217517,-0.0009832963935439139,0.014391060778098597,0.039928676792579186,0.21443313718696166,0.003631345776744862,13769,HIL_specialist_final_seal-water-bottle-cap_zhangyu_Huazhong,22,0.9141414141414141,0.4090909090909091,0.8232323232323232,0.3787878787878788
61,7727,0.343988611362754,0.00026480150640893497,0.015576597162681116,0.03671776563783218,0.1965018174137645,0.006470816617057073,7727,HIL_generalist_final_seal-water-bottle-cap_ZechengZhu_ICL,5,0.4217171717171717,0.08585858585858586,0.6767676767676768,0.3763888888888889
114,11766,0.45707972123066465,-0.0006527880708550051,0.01626844317575027,0.034645166107612146,0.20398117960353424,0.004249532551419344,11766,HIL_specialist_final_seal-water-bottle-cap_Haruki_U-Tokyo,28,0.8282828282828283,0.45454545454545453,0.5505050505050505,0.3747474747474747
89,6026,0.34400929306339195,0.0007844805660821198,0.013581057869987978,0.030881482967334284,0.13901131958623458,0.00829737802854298,6026,HIL_specialist_final_seal-water-bottle-cap_Haruki_U-Tokyo,2,0.21717171717171718,0.09090909090909091,0.29797979797979796,0.3744949494949495
173,20642,0.5786261021218874,-0.0013934348708517616,0.008110944041209711,0.029507755347686307,0.22675808877606918,0.002422245906404418,20642,HIL_specialist_final_seal-water-bottle-cap_zhangyu_Huazhong,4,0.9949494949494949,0.7373737373737373,0.1919191919191919,0.37196969696969695
52,6577,0.40094267903299374,0.0006312645240311132,0.009815301605659021,0.02316821736268149,0.15343969673772384,0.007602250266078759,6577,HIL_generalist_final_seal-water-bottle-cap_VLAlab-JP,25,0.2878787878787879,0.2676767676767677,0.010101010101010102,0.3717171717171717
164,9247,0.4072672218016654,-0.00016999678866087196,0.016085374959903254,0.03511753887792159,0.13511725873609115,0.005407159078620093,9247,HIL_specialist_final_seal-water-bottle-cap_VLAlab-JP,23,0.6414141414141414,0.2878787878787879,0.5808080808080808,0.3712121212121212
18,5003,0.3118129122526484,0.0014890550920840474,0.011374782630401148,0.02928013116975357,0.41136529659613585,0.009994003597841295,5003,HIL_generalist_final_seal-water-bottle-cap_PengfangQian_SII,12,0.08585858585858586,0.030303030303030304,0.18181818181818182,0.3699494949494949
69,5986,0.3775476110925493,0.0009765027452141461,0.012397428834038271,0.026009898492293848,0.15987789244313766,0.00835282325425994,5986,HIL_generalist_final_seal-water-bottle-cap_ZechengZhu_ICL,13,0.21212121212121213,0.18181818181818182,0.05555555555555555,0.3686868686868687
166,4784,0.32295150501672243,0.0018527629430693854,0.01146981664856006,0.02748726964850951,0.1988041660275035,0.010451505016722408,4784,HIL_specialist_final_seal-water-bottle-cap_VLAlab-JP,25,0.06565656565656566,0.045454545454545456,0.09090909090909091,0.3656565656565656
133,11448,0.45379105520614954,-0.0006218377640088975,0.011524353035884394,0.033875542738633656,0.22132550538440277,0.004367575122292104,11448,HIL_specialist_final_seal-water-bottle-cap_PengfangQian_SII,19,0.8156565656565656,0.4444444444444444,0.5,0.36452020202020197
77,3683,0.2726038555525387,-0.001762427690451593,0.008739881077008738,0.026948923477130435,0.08769977451224853,0.013575889220743959,3683,HIL_generalist_final_seal-water-bottle-cap_ZechengZhu_ICL,21,0.010101010101010102,0.005050505050505051,0.07575757575757576,0.3638888888888889
193,11448,0.419811320754717,-0.0006057754394611465,0.013361342110829844,0.03794873268266253,0.19161045164723922,0.004367575122292104,11448,HIL_specialist_final_seal-water-bottle-cap_zhangyu_Huazhong,24,0.8156565656565656,0.32323232323232326,0.7575757575757576,0.36148989898989903
168,7002,0.3848900314195944,0.0004172286915386712,0.011631987848477854,0.02906242818494372,0.11322071761746932,0.007140816909454442,7002,HIL_specialist_final_seal-water-bottle-cap_VLAlab-JP,27,0.3282828282828283,0.20707070707070707,0.15656565656565657,0.3595959595959596
184,13618,0.4315611690409752,-0.0008698528886211428,0.017032388457255854,0.04000316471715503,0.18876663208861877,0.0036716111029519755,13618,HIL_specialist_final_seal-water-bottle-cap_zhangyu_Huazhong,15,0.9090909090909091,0.35858585858585856,0.8282828282828283,0.35883838383838385
9,5311,0.33477687817736773,0.0014103948867948363,0.012988924839692606,0.02787883193154861,0.16038937480111648,0.009414422895876483,5311,HIL_generalist_final_seal-water-bottle-cap_PengfangQian_SII,3,0.11616161616161616,0.06060606060606061,0.1111111111111111,0.3588383838383838
17,10721,0.47794049062587446,-0.000494626054494713,0.01245689005513717,0.029464270779090418,0.11453973115344573,0.004663744053726332,10721,HIL_generalist_final_seal-water-bottle-cap_PengfangQian_SII,11,0.7626262626262627,0.51010101010101,0.18686868686868688,0.35
53,7793,0.3739253175927114,0.0001293203285954973,0.014936532684760584,0.0324600032057338,0.16454463810582687,0.006416014371872193,7793,HIL_generalist_final_seal-water-bottle-cap_VLAlab-JP,26,0.4444444444444444,0.1717171717171717,0.3888888888888889,0.34949494949494947
170,11891,0.4417626776553696,-0.0006628611946620928,0.013808563211160196,0.034139525004821314,0.20986017198224594,0.004204860819106888,11891,HIL_specialist_final_seal-water-bottle-cap_zhangyu_Huazhong,1,0.8434343434343434,0.41414141414141414,0.5303030303030303,0.3472222222222222
78,9994,0.4299579747848709,-0.000305209466308238,0.011674936720328821,0.03249251753945877,0.14136059195657302,0.005003001801080648,9994,HIL_generalist_final_seal-water-bottle-cap_ZechengZhu_ICL,22,0.7070707070707071,0.3383838383838384,0.398989898989899,0.3345959595959596
124,8299,0.41016989998795034,8.258478792906187e-05,0.010869582974510683,0.02908797473569442,0.14149764538665344,0.006024822267743102,8299,HIL_specialist_final_seal-water-bottle-cap_PengfangQian_SII,10,0.5202020202020202,0.29797979797979796,0.16161616161616163,0.3343434343434343
80,10006,0.4423345992404557,-0.0005623033463610133,0.010592214622693552,0.027315672346549524,0.14759915680547286,0.004997001798920648,10006,HIL_generalist_final_seal-water-bottle-cap_ZechengZhu_ICL,24,0.7121212121212122,0.41919191919191917,0.08585858585858586,0.30656565656565654
160,6132,0.31490541422048274,0.0009000985711491188,0.01135680437942077,0.028211789810257463,0.17921194047589828,0.008153946510110893,6132,HIL_specialist_final_seal-water-bottle-cap_VLAlab-JP,19,0.24242424242424243,0.03535353535353535,0.12626262626262627,0.3063131313131313
190,11805,0.4309191020753918,-0.0006515354106388691,0.012135978647666468,0.03345031351705126,0.20209845513959457,0.004235493434985175,11805,HIL_specialist_final_seal-water-bottle-cap_zhangyu_Huazhong,21,0.8333333333333334,0.3484848484848485,0.45454545454545453,0.30606060606060603
134,5777,0.2951358836766488,0.0009870268653562725,0.009952042111354364,0.02365497858186294,0.13895716876645614,0.008655011251514627,5777,HIL_specialist_final_seal-water-bottle-cap_PengfangQian_SII,20,0.16666666666666666,0.020202020202020204,0.020202020202020204,0.30479797979797985
56,6506,0.33722717491546267,0.0007592608836339883,0.012828351323651566,0.02804374308248092,0.2140995672430568,0.00768521364893944,6506,HIL_generalist_final_seal-water-bottle-cap_VLAlab-JP,29,0.2828282828282828,0.06565656565656566,0.11616161616161616,0.3037878787878787
5,6171,0.29201101928374656,0.0006453689959682243,0.010025631495910181,0.0291484853710704,0.30887993783612777,0.00810241451952682,6171,HIL_generalist_final_seal-water-bottle-cap_Haruki_U-Tokyo,5,0.2474747474747475,0.015151515151515152,0.16666666666666666,0.3035353535353535
183,12400,0.47193548387096773,-0.0008716271917155667,0.01032662005086471,0.027285795145826835,0.18381419391294052,0.004032258064516129,12400,HIL_specialist_final_seal-water-bottle-cap_zhangyu_Huazhong,14,0.8636363636363636,0.494949494949495,0.08080808080808081,0.2866161616161616
22,10566,0.4157675563127011,-0.0005162714305381311,0.013148166098790659,0.030581053205924524,0.12496643126864959,0.00473215975771342,10566,HIL_generalist_final_seal-water-bottle-cap_PengfangQian_SII,20,0.7424242424242424,0.31313131313131315,0.2727272727272727,0.28560606060606064
135,10549,0.35662148070907196,-0.000558248429920418,0.014606844493346705,0.03650922388692429,0.16462388248105575,0.004739785761683572,10549,HIL_specialist_final_seal-water-bottle-cap_PengfangQian_SII,22,0.7373737373737373,0.13131313131313133,0.6666666666666666,0.28434343434343434
132,13791,0.4761076064099775,-0.0009449003505559232,0.01216675699611236,0.02839201302190353,0.17426649839540054,0.0036255528968167647,13791,HIL_specialist_final_seal-water-bottle-cap_PengfangQian_SII,18,0.9191919191919192,0.5,0.13131313131313133,0.27954545454545454
195,20150,0.360893300248139,-0.0013973873149931463,0.017486907401280893,0.0465411207165294,0.2799148260142379,0.0024813895781637717,20150,HIL_specialist_final_seal-water-bottle-cap_zhangyu_Huazhong,27,0.98989898989899,0.14646464646464646,0.9747474747474747,0.2643939393939394
161,8588,0.3585235211923614,-0.00016500231269404904,0.012070406087832941,0.029930575051503674,0.22020834670324851,0.005822077317186773,8588,HIL_specialist_final_seal-water-bottle-cap_VLAlab-JP,20,0.5555555555555556,0.1414141414141414,0.21717171717171718,0.2626262626262626
7,6964,0.3011200459506031,0.0005638217493943528,0.01035747476776172,0.024923277200167352,0.11745746047158767,0.007179781734635267,6964,HIL_generalist_final_seal-water-bottle-cap_PengfangQian_SII,1,0.3181818181818182,0.025252525252525252,0.030303030303030304,0.25606060606060604
58,7751,0.27519029802606115,0.00022818575465124863,0.00921667725701858,0.030034210392432703,0.15964619428773452,0.006450780544445878,7751,HIL_generalist_final_seal-water-bottle-cap_ZechengZhu_ICL,2,0.4292929292929293,0.010101010101010102,0.22727272727272727,0.24974747474747472
94,8258,0.3321627512714943,-8.642333771072136e-06,0.013064049043851389,0.028571664401488797,0.1773905417408519,0.006054734802615646,8258,HIL_specialist_final_seal-water-bottle-cap_Haruki_U-Tokyo,7,0.5050505050505051,0.05555555555555555,0.14646464646464646,0.2275252525252525
197,14359,0.3515565150776516,-0.0009865695720200711,0.012181114264922632,0.03610313744206955,0.2554179018821292,0.003482136639041716,14359,HIL_specialist_final_seal-water-bottle-cap_zhangyu_Huazhong,29,0.9343434343434344,0.10606060606060606,0.6464646464646465,0.2
174,21217,0.44266390158834895,-0.0014790116266064602,0.007761534162955774,0.022515603014426722,0.21382227898498107,0.0023566008389498986,21217,HIL_specialist_final_seal-water-bottle-cap_zhangyu_Huazhong,5,1.0,0.42424242424242425,0.005050505050505051,0.19191919191919193
179,13997,0.43073515753375724,-0.0009099510247376258,0.01018524528403808,0.025569633999066838,0.22257315725942184,0.0035721940415803385,13997,HIL_specialist_final_seal-water-bottle-cap_zhangyu_Huazhong,10,0.9242424242424242,0.3434343434343434,0.03535353535353535,0.18813131313131312
123,16117,0.36222622076068745,-0.001095840301947467,0.007810171553092493,0.023499660798507228,0.12615748853345443,0.0031023143264875598,16117,HIL_specialist_final_seal-water-bottle-cap_PengfangQian_SII,8,0.9646464646464646,0.15151515151515152,0.015151515151515152,0.0835858585858586
76,17651,0.34326667044360093,-0.0012499118985605316,0.009045932301478876,0.025783832975821985,0.15217992276807357,0.0028327006968443713,17651,HIL_generalist_final_seal-water-bottle-cap_ZechengZhu_ICL,20,0.9797979797979798,0.08080808080808081,0.04040404040404041,0.05151515151515153
